﻿Designator,Quantity,Value,Footprint,Package,MPN,DNP,Mount_Type,Description
D1,1,MIDI_Display_MSP2807,MSP2807_ILI9341_Display,,,,tht,"2.8 inch TFT LCD Display Module, ILI9341 driver, 320x240 resolution, SPI interface with touch"
"ENC_MECH1, ENC_MECH2, ENC_MECH3, ENC_MECH4, ENC_MECH5, ENC_MECH6, ENC_MECH7, ENC_MECH8, ENC_MECH9",9,MIDI_Encoder_PEC11R,PEC11R4220FS0024,,,,tht,Bourns 24 Pulse Incremental Mechanical Rotary Encoder with Push Button for MIDI control
ENC_OPT1,1,MIDI_Encoder_E38S6G5_Optical,E38S6G5_Optical_Encoder,,,,tht,"E38S6G5 Series Optical Rotary Encoder, 600 pulses/revolution, Open Collector NPN output"
MCU1,1,MIDI_Teensy4.1,Teensy41,,,,tht,Teensy 4.1 - ARM Cortex-M7 600MHz microcontroller for MIDI applications
"SW1, SW2, SW3, SW4, SW5, SW6",6,MIDI_Switch_Pushbutton_PV0H24011,PV0H24011_Pushbutton,,,,tht,"E-Switch PV0H24011 Momentary Pushbutton SPST, 2A 36VDC, IP67, M12x0.75 thread"
U1,1,CD74HC4067M,SOIC-24W_7.5x15.4mm_P1.27mm,,,,smt,"High-Speed CMOS Logic 16-Channel Analog Multiplexer/Demultiplexer, SOIC-24"
