﻿pos_x,pos_y,rotation,side,designator,mpn,pack,footprint,value,mount_type
71.82,-66.85,-90.0,top,D1,,,MSP2807_ILI9341_Display,MIDI_Display_MSP2807,tht
58.09,-139.35,-90.0,top,ENC_MECH1,,,PEC11R4220FS0024,MIDI_Encoder_PEC11R,tht
98.06,-139.39,90.0,top,ENC_MECH2,,,PEC11R4220FS0024,MIDI_Encoder_PEC11R,tht
138.11,-139.38,-90.0,top,ENC_MECH3,,,PEC11R4220FS0024,MIDI_Encoder_PEC11R,tht
178.05,-139.36,90.0,top,ENC_MECH4,,,PEC11R4220FS0024,MIDI_Encoder_PEC11R,tht
58.06,-179.34,-90.0,top,ENC_MECH5,,,PEC11R4220FS0024,MIDI_Encoder_PEC11R,tht
98.1,-179.38,90.0,top,ENC_MECH6,,,PEC11R4220FS0024,MIDI_Encoder_PEC11R,tht
138.09,-179.35,-90.0,top,ENC_MECH7,,,PEC11R4220FS0024,MIDI_Encoder_PEC11R,tht
178.02,-179.35,90.0,top,ENC_MECH8,,,PEC11R4220FS0024,MIDI_Encoder_PEC11R,tht
178.05,-51.85,180.0,top,ENC_MECH9,,,PEC11R4220FS0024,MIDI_Encoder_PEC11R,tht
178.05,-81.8325,0.0,top,ENC_OPT1,,,E38S6G5_Optical_Encoder,MIDI_Encoder_E38S6G5_Optical,tht
118.04,-159.09,180.0,top,MCU1,,,Teensy41,MIDI_Teensy4.1,tht
59.55,-49.87,0.0,top,SW1,,,PV0H24011_Pushbutton,MIDI_Switch_Pushbutton_PV0H24011,tht
95.05,-106.4,0.0,top,SW2,,,PV0H24011_Pushbutton,MIDI_Switch_Pushbutton_PV0H24011,tht
59.68,-67.12,0.0,top,SW3,,,PV0H24011_Pushbutton,MIDI_Switch_Pushbutton_PV0H24011,tht
118.05,-106.38,0.0,top,SW4,,,PV0H24011_Pushbutton,MIDI_Switch_Pushbutton_PV0H24011,tht
59.55,-83.9,0.0,top,SW5,,,PV0H24011_Pushbutton,MIDI_Switch_Pushbutton_PV0H24011,tht
141.04,-106.37,0.0,top,SW6,,,PV0H24011_Pushbutton,MIDI_Switch_Pushbutton_PV0H24011,tht
60.05,-107.32,0.0,top,U1,,,SOIC-24W_7.5x15.4mm_P1.27mm,CD74HC4067M,smt
